-- Inserciones en SUCURSALES
INSERT INTO SUCURSALES VALUES ('sucursal 1', 'Cali');
INSERT INTO SUCURSALES VALUES ('sucursal 2', 'Medellín');
INSERT INTO SUCURSALES VALUES ('sucursal 3', 'Armenia');
INSERT INTO SUCURSALES VALUES ('sucursal 4', 'Bogotá');
INSERT INTO SUCURSALES VALUES ('sucursal 5', 'Pasto');

-- Inserciones en CUENTAS
INSERT INTO CUENTAS VALUES (1, 1000, 'sucursal 1');
INSERT INTO CUENTAS VALUES (2, 1250, 'sucursal 5');
INSERT INTO CUENTAS VALUES (3, 1100, 'sucursal 2');
INSERT INTO CUENTAS VALUES (4, 1060, 'sucursal 3');
INSERT INTO CUENTAS VALUES (5, 670, 'sucursal 1');
INSERT INTO CUENTAS VALUES (6, 1000, 'sucursal 4');
INSERT INTO CUENTAS VALUES (7, 1250, 'sucursal 5');
INSERT INTO CUENTAS VALUES (8, 1320, 'sucursal 1');
INSERT INTO CUENTAS VALUES (9, 60, 'sucursal 1');
INSERT INTO CUENTAS VALUES (10, 670, 'sucursal 5');

-- Inserciones en PRESTAMOS
INSERT INTO PRESTAMOS VALUES (1, 100, 'sucursal 1');
INSERT INTO PRESTAMOS VALUES (2, 150, 'sucursal 5');
INSERT INTO PRESTAMOS VALUES (3, 110, 'sucursal 2');
INSERT INTO PRESTAMOS VALUES (4, 160, 'sucursal 3');
INSERT INTO PRESTAMOS VALUES (5, 70, 'sucursal 1');
INSERT INTO PRESTAMOS VALUES (6, 100, 'sucursal 4');
INSERT INTO PRESTAMOS VALUES (7, 250, 'sucursal 5');
INSERT INTO PRESTAMOS VALUES (8, 320, 'sucursal 1');
INSERT INTO PRESTAMOS VALUES (9, 60, 'sucursal 1');
INSERT INTO PRESTAMOS VALUES (10, 70, 'sucursal 5');

-- Inserciones en CLIENTES
INSERT INTO CLIENTES VALUES ('Cliente 1', 'Cll 1 4-45', 'Cali');
INSERT INTO CLIENTES VALUES ('Cliente 2', 'AV 1 6-33', 'Cali');
INSERT INTO CLIENTES VALUES ('Cliente 3', 'CRA 1 4-88', 'Cali');
INSERT INTO CLIENTES VALUES ('Cliente 4', 'TRA 1 23-01', 'Bogotá');
INSERT INTO CLIENTES VALUES ('Cliente 5', 'Cll 1 67-65', 'Cali');
INSERT INTO CLIENTES VALUES ('Cliente 6', 'Cll 6 4-45', 'Cali');
INSERT INTO CLIENTES VALUES ('Cliente 7', 'CRA 1 4-45', 'Bogotá');
INSERT INTO CLIENTES VALUES ('Cliente 8', 'Cll 120 4-45', 'Cali');
INSERT INTO CLIENTES VALUES ('Cliente 9', 'AV Simon 4-45', 'Cali');
INSERT INTO CLIENTES VALUES ('Cliente 10', 'Cll 1 4-45', 'Medellín');
INSERT INTO CLIENTES VALUES ('Cliente 12', 'AV 12 9-23', 'Bogotá');
INSERT INTO CLIENTES VALUES ('Cliente 13', 'CRA 1 1-90', 'Cali');
INSERT INTO CLIENTES VALUES ('Cliente 14', 'TRA 40 2-23', 'Medellín');
INSERT INTO CLIENTES VALUES ('Cliente 15', 'Cll 1 67-65', 'Cali');
INSERT INTO CLIENTES VALUES ('Cliente 16', 'Cll 6 4-45', 'Cali');
INSERT INTO CLIENTES VALUES ('Cliente 17', 'CRA 1 4-45', 'Medellín');
INSERT INTO CLIENTES VALUES ('Cliente 18', 'Cll 2 124-01', 'Medellín');
INSERT INTO CLIENTES VALUES ('Cliente 19', 'AV Carlos 4-45', 'Cali');

-- Inserciones en IMPOSITOR
INSERT INTO IMPOSITOR VALUES (1, 'Cliente 1');
INSERT INTO IMPOSITOR VALUES (1, 'Cliente 1');
INSERT INTO IMPOSITOR VALUES (1, 'Cliente 3');
INSERT INTO IMPOSITOR VALUES (1, 'Cliente 4');
INSERT INTO IMPOSITOR VALUES (1, 'Cliente 5');
INSERT INTO IMPOSITOR VALUES (2, 'Cliente 16');
INSERT INTO IMPOSITOR VALUES (2, 'Cliente 11');
INSERT INTO IMPOSITOR VALUES (1, 'Cliente 13');
INSERT INTO IMPOSITOR VALUES (2, 'Cliente 6');
INSERT INTO IMPOSITOR VALUES (1, 'Cliente 1');
INSERT INTO IMPOSITOR VALUES (3, 'Cliente 5');
INSERT INTO IMPOSITOR VALUES (4, 'Cliente 12');
INSERT INTO IMPOSITOR VALUES (4, 'Cliente 11');
INSERT INTO IMPOSITOR VALUES (1, 'Cliente 8');
INSERT INTO IMPOSITOR VALUES (6, 'Cliente 3');

-- Inserciones en PRESTATARIO
INSERT INTO PRESTATARIO VALUES (1, 'Cliente 1');
INSERT INTO PRESTATARIO VALUES (1, 'Cliente 2');
INSERT INTO PRESTATARIO VALUES (1, 'Cliente 3');
INSERT INTO PRESTATARIO VALUES (1, 'Cliente 4');
INSERT INTO PRESTATARIO VALUES (1, 'Cliente 5');
INSERT INTO PRESTATARIO VALUES (2, 'Cliente 16');
INSERT INTO PRESTATARIO VALUES (2, 'Cliente 11');
INSERT INTO PRESTATARIO VALUES (1, 'Cliente 13');
INSERT INTO PRESTATARIO VALUES (2, 'Cliente 6');
INSERT INTO PRESTATARIO VALUES (1, 'Cliente 1');
INSERT INTO PRESTATARIO VALUES (3, 'Cliente 5');
INSERT INTO PRESTATARIO VALUES (4, 'Cliente 12');
INSERT INTO PRESTATARIO VALUES (4, 'Cliente 11');
INSERT INTO PRESTATARIO VALUES (1, 'Cliente 8');
INSERT INTO PRESTATARIO VALUES (6, 'Cliente 3');

-- Inserciones en TIPO_DOCUMENTO
INSERT INTO TIPO_DOCUMENTO VALUES ('CC', 'CEDULA CIU', 1);
INSERT INTO TIPO_DOCUMENTO VALUES ('CE', 'CEDULA EXT', 1);
INSERT INTO TIPO_DOCUMENTO VALUES ('RC', 'REGISTRO CIV', 1);
INSERT INTO TIPO_DOCUMENTO VALUES ('NI', 'NIT', 0);

-- Inserciones en PLAN
INSERT INTO PLAN VALUES (1, 'PLAN 1', CURRENT_DATE - INTERVAL 10 DAY, CURRENT_DATE + INTERVAL 100 DAY, 1);
INSERT INTO PLAN VALUES (2, 'PLAN 2', CURRENT_DATE - INTERVAL 10 DAY, CURRENT_DATE + INTERVAL 100 DAY, 1);
INSERT INTO PLAN VALUES (3, 'PLAN 3', CURRENT_DATE - INTERVAL 10 DAY, CURRENT_DATE + INTERVAL 100 DAY, 1);
INSERT INTO PLAN VALUES (4, 'PLAN 4', CURRENT_DATE - INTERVAL 10 DAY, CURRENT_DATE + INTERVAL 100 DAY, 0);

-- Inserciones en AFILIADO
INSERT INTO AFILIADO VALUES (1, 'ANDRES', 'GOMEZ', 'CC', '123456', '3108889098', 'CLL 1 # 4-65', 'youremail@example.com', 1);
INSERT INTO AFILIADO VALUES (2, 'ANDRES', 'LOPEZ', 'CC', '34454', '310454545', 'CLL 2 # 67-67', 'youremail@example.com', 1);
INSERT INTO AFILIADO VALUES (3, 'CARLOS', 'SALAZAR', 'CE', '8989898', '317564545', 'AV 3 # 2-66', 'youremail@example.com', 1);
INSERT INTO AFILIADO VALUES (4, 'CARLA', 'GOMEZ', 'RC', '1234898956', '313445455', 'CRA 4 # 3-88', 'youremail@example.com', 0);
INSERT INTO AFILIADO VALUES (5, 'SOFIA', 'PEREZ', 'CC', '12456888', '3135445454', 'CLL 5 # 5-97', 'youremail@example.com', 1);
INSERT INTO AFILIADO VALUES (6, 'PEDRO', 'ROJAS', 'CE', '9885444', '32346565656', 'CLL 6 # 2-56', 'youremail@example.com', 1);
INSERT INTO AFILIADO VALUES (7, 'MARTIN', 'VALLEJO', 'CC', '33886767', '3634343434', 'CLL 7 # 120-43', 'youremail@example.com', 1);
INSERT INTO AFILIADO VALUES (8, 'ANDRES', 'ROJAS', 'CC', '3239767', '3256767676', 'CRA 7 # 45-123', 'youremail@example.com', 0);

-- Inserciones en CONTRATO
INSERT INTO CONTRATO VALUES (1, 1, 1, 300, CURRENT_DATE - INTERVAL 10 DAY, CURRENT_DATE + INTERVAL 410 DAY, CURRENT_DATE - INTERVAL 10 DAY, 'EPS 1');
INSERT INTO CONTRATO VALUES (2, 2, 2, 123, CURRENT_DATE - INTERVAL 10 DAY, CURRENT_DATE + INTERVAL 410 DAY, CURRENT_DATE - INTERVAL 10 DAY, 'EPS 2');
INSERT INTO CONTRATO VALUES (3, 2, 1, 200, CURRENT_DATE - INTERVAL 10 DAY, CURRENT_DATE + INTERVAL 410 DAY, CURRENT_DATE - INTERVAL 10 DAY, 'EPS 1');
INSERT INTO CONTRATO VALUES (4, 1, 2, 45, CURRENT_DATE - INTERVAL 10 DAY, CURRENT_DATE + INTERVAL 410 DAY, CURRENT_DATE - INTERVAL 10 DAY, 'EPS 4');
INSERT INTO CONTRATO VALUES (5, 4, 4, 230, CURRENT_DATE - INTERVAL 10 DAY, CURRENT_DATE + INTERVAL 410 DAY, CURRENT_DATE - INTERVAL 10 DAY, 'EPS 1');
INSERT INTO CONTRATO VALUES (6, 5, 3, 220, CURRENT_DATE - INTERVAL 10 DAY, CURRENT_DATE + INTERVAL 410 DAY, CURRENT_DATE - INTERVAL 10 DAY, 'EPS 1');
INSERT INTO CONTRATO VALUES (7, 6, 1, 350, CURRENT_DATE - INTERVAL 10 DAY, CURRENT_DATE + INTERVAL 410 DAY, CURRENT_DATE - INTERVAL 10 DAY, 'EPS 3');
INSERT INTO CONTRATO VALUES (8, 7, 2, 500, CURRENT_DATE - INTERVAL 10 DAY, CURRENT_DATE + INTERVAL 410 DAY, CURRENT_DATE - INTERVAL 10 DAY, 'EPS 1');
INSERT INTO CONTRATO VALUES (9, 8, 4, 670, CURRENT_DATE - INTERVAL 10 DAY, CURRENT_DATE + INTERVAL 410 DAY, CURRENT_DATE - INTERVAL 10 DAY, 'EPS 2');
INSERT INTO CONTRATO VALUES (10, 1, 1, 250, CURRENT_DATE - INTERVAL 10 DAY, CURRENT_DATE + INTERVAL 410 DAY, CURRENT_DATE - INTERVAL 10 DAY, 'EPS 1');
INSERT INTO CONTRATO VALUES (11, 2, 3, 140, CURRENT_DATE - INTERVAL 10 DAY, CURRENT_DATE + INTERVAL 410 DAY, CURRENT_DATE - INTERVAL 10 DAY, 'EPS 2');
INSERT INTO CONTRATO VALUES (12, 1, 2, 400, CURRENT_DATE - INTERVAL 10 DAY, CURRENT_DATE + INTERVAL 410 DAY, CURRENT_DATE - INTERVAL 10 DAY, 'EPS 3');
